HP;Pavilion;Windows 10
Lenovo;IdeaPad;Windows 11
Dell;Inspiron;Windows 10
Apple;MacBook Air;macOS
Asus;ROG Strix;Windows 11
Acer;Aspire;Windows 10
HP;Envy;Windows 11
Lenovo;ThinkPad;Windows 10
Dell;XPS;Windows 11
Apple;MacBook Pro;macOS
Asus;VivoBook;Windows 10
Acer;Predator;Windows 11
HP;Spectre;Windows 10
Lenovo;Legion;Windows 11
Dell;G Series;Windows 10
Apple;iMac;macOS
Asus;TUF Gaming;Windows 11
Acer;Swift;Windows 10
HP;Elite Dragonfly;Windows 11
Lenovo;Chromebook;Chrome OS
Dell;Latitude;Windows 10
Apple;Mac Mini;macOS
Asus;ZenBook;Windows 11
Acer;Chromebook Spin;Chrome OS
HP;ZBook;Windows 10
Lenovo;Yoga;Windows 11
Dell;Alienware;Windows 10
Apple;iPad;macOS
Asus;ProArt;Windows 11
Acer;Chromebook;Chrome OS
HP;ProBook;Windows 10
Lenovo;ThinkCentre;Windows 11
Dell;OptiPlex;Windows 10
Apple;Mac Pro;macOS
Asus;ExpertBook;Windows 11
Acer;ConceptD;Windows 10
HP;Chromebook x360;Chrome OS
Lenovo;Smart Tab;Windows 11
Dell;Vostro;Windows 10
Apple;MacBook Air M1;macOS
Asus;Chromebook Flip;Chrome OS
Acer;Nitro;Windows 11
HP;Stream;Windows 10
Lenovo;IdeaCentre;Windows 11
Dell;PowerEdge;Windows 10
Apple;MacBook;macOS
Asus;ROG Zephyrus;Windows 11
Acer;One;Windows 10
HP;Notebook;Windows 11
Lenovo;Flex;Windows 10
Dell;Inspiron;Windows 11
Apple;iMac Pro;macOS
Asus;Mini PC;Windows 10
Acer;Veriton;Windows 11
HP;Chromebook;Chrome OS
Lenovo;ThinkSmart;Windows 10
Dell;Latitude;Windows 11
Apple;MacBook Pro M1;macOS
Asus;ZenScreen;Windows 10
Acer;Aspire;Windows 11
HP;EliteBook;Windows 10
Lenovo;IdeaPad;Windows 11
Dell;Inspiron;Windows 10
Apple;Mac Mini;macOS
Asus;VivoBook;Windows 11
Acer;Predator;Windows 10
HP;Envy;Windows 11
Lenovo;ThinkPad;Windows 10
Dell;XPS;Windows 11
Apple;MacBook Air;macOS
Asus;ROG Strix;Windows 10
Acer;Aspire;Windows 11
HP;Elite Dragonfly;Windows 10
Lenovo;Legion;Windows 11
Dell;G Series;Windows 10
Apple;MacBook Pro;macOS
Asus;VivoBook;Windows 11
Acer;Swift;Windows 10
HP;Spectre;Windows 11
Lenovo;IdeaPad;Windows 10
Dell;Inspiron;Windows 11
Apple;Mac Mini;macOS
Asus;TUF Gaming;Windows 10
Acer;Predator;Windows 11
HP;Envy;Windows 10
Lenovo;ThinkPad;Windows 11
Dell;XPS;Windows 10
Apple;MacBook Air;macOS
Asus;ROG Strix;Windows 11
Acer;Aspire;Windows 10
HP;Elite Dragonfly;Windows 11
Lenovo;Legion;Windows 10
Dell;G Series;Windows 11
Apple;MacBook Pro;macOS
Asus;VivoBook;Windows 10
Acer;Swift;Windows 11
HP;Spectre;Windows 10
Lenovo;IdeaPad;Windows 11
Dell;Inspiron;Windows 10
Apple;Mac Mini;macOS
Asus;TUF Gaming;Windows 11
Acer;Predator;Windows 10
HP;Envy;Windows 11
Lenovo;ThinkPad;Windows 10
Dell;XPS;Windows 11
Apple;MacBook Air;macOS
Asus;ROG Strix;Windows 10
Acer;Aspire;Windows 11
HP;Elite Dragonfly;Windows 10
Lenovo;Legion;Windows 11
Dell;G Series;Windows 10
Apple;MacBook Pro;macOS
Asus;VivoBook;Windows 11
Acer;Swift;Windows 10
HP;Spectre;Windows 11
Lenovo;IdeaPad;Windows 10
Dell;Inspiron;Windows 11
Apple;Mac Mini;macOS
Asus;TUF Gaming;Windows 10
Acer;Predator;Windows 11
HP;Envy;Windows 10
Lenovo;ThinkPad;Windows 11
Dell;XPS;Windows 10
Apple;MacBook Air;macOS
Asus;ROG Strix;Windows 11
Acer;Aspire;Windows 10
HP;Elite Dragonfly;Windows 11
Lenovo;Legion;Windows 10
Dell;G Series;Windows 11
Apple;MacBook Pro;macOS
Asus;VivoBook;Windows 10
Acer;Swift;Windows 11
HP;Spectre;Windows 10
Lenovo;IdeaPad;Windows 11
Dell;Inspiron;Windows 10
Apple;Mac Mini;macOS
Asus;TUF Gaming;Windows 11
Acer;Predator;Windows 10
HP;Envy;Windows 11
Lenovo;ThinkPad;Windows 10
Dell;XPS;Windows 11
Apple;MacBook Air;macOS
Asus;ROG Strix;Windows 10
Acer;Aspire;Windows 11
HP;Elite Dragonfly;Windows 10
Lenovo;Legion;Windows 11
Dell;G Series;Windows 10
Apple;MacBook Pro;macOS
Asus;VivoBook;Windows 11
Acer;Swift;Windows 10
HP;Spectre;Windows 11
Lenovo;IdeaPad;Windows 10
Dell;Inspiron;Windows 11
Apple;Mac Mini;macOS
Asus;TUF Gaming;Windows 10
Acer;Predator;Windows 11
HP;Envy;Windows 10
Lenovo;ThinkPad;Windows 11
Dell;XPS;Windows 10
Apple;MacBook Air;macOS
Asus;ROG Strix;Windows 11
Acer;Aspire;Windows 10
HP;Elite Dragonfly;Windows 11
Lenovo;Legion;Windows 10
Dell;G Series;Windows 11
Apple;MacBook Pro;macOS
Asus;VivoBook;Windows 10
Acer;Swift;Windows 11
HP;Spectre;Windows 10
Lenovo;IdeaPad;Windows 11
Dell;Inspiron;Windows 10
Apple;Mac Mini;macOS
Asus;TUF Gaming;Windows 11
Acer;Predator;Windows 10
HP;Envy;Windows 11
Lenovo;ThinkPad;Windows 10
Dell;XPS;Windows 11
Apple;MacBook Air;macOS
Asus;ROG Strix;Windows 10
Acer;Aspire;Windows 11
HP;Elite Dragonfly;Windows 10
Lenovo;Legion;Windows 11
Dell;G Series;Windows 10
Apple;MacBook Pro;macOS
Asus;VivoBook;Windows 11
Acer;Swift;Windows 10
HP;Spectre;Windows 11
Lenovo;IdeaPad;Windows 10
Dell;Inspiron;Windows 11
Apple;Mac Mini;macOS
Asus;TUF Gaming;Windows 10
Acer;Predator;Windows 11
HP;Envy;Windows 10
Lenovo;ThinkPad;Windows 11
Dell;XPS;Windows 10
Apple;MacBook Air;macOS
Asus;ROG Strix;Windows 11
Acer;Aspire;Windows 10
HP;Elite Dragonfly;Windows 11
Lenovo;Legion;Windows 10
Dell;G Series;Windows 11
Apple;MacBook Pro;macOS
Asus;VivoBook;Windows 10
Acer;Swift;Windows 11
HP;Spectre;Windows 10
Lenovo;IdeaPad;Windows 11
Dell;Inspiron;Windows 10
Apple;Mac Mini;macOS
Asus;TUF Gaming;Windows 11
Acer;Predator;Windows 10
HP;Envy;Windows 11
Lenovo;ThinkPad;Windows 10
Dell;XPS;Windows 11
Apple;MacBook Air;macOS
Asus;ROG Strix;Windows 10
Acer;Aspire;Windows 11
HP;Elite Dragonfly;Windows 10
Lenovo;Legion;Windows 11
Dell;G Series;Windows 10
Apple;MacBook Pro;macOS
Asus;VivoBook;Windows 11
Acer;Swift;Windows 10
HP;Spectre;Windows 11
Lenovo;IdeaPad;Windows 10
Dell;Inspiron;Windows 11
Apple;Mac Mini;macOS
Asus;TUF Gaming;Windows 10
Acer;Predator;Windows 11
HP;Envy;Windows 10
Lenovo;ThinkPad;Windows 11
Dell;XPS;Windows 10
Apple;MacBook Air;macOS
Asus;ROG Strix;Windows 11
Acer;Aspire;Windows 10
HP;Elite Dragonfly;Windows 11
Lenovo;Legion;Windows 10
Dell;G Series;Windows 11
Apple;MacBook Pro;macOS
Asus;VivoBook;Windows 10
Acer;Swift;Windows 11
HP;Spectre;Windows 10
Lenovo;IdeaPad;Windows 11
Dell;Inspiron;Windows 10
Apple;Mac Mini;macOS
Asus;TUF Gaming;Windows 11
Acer;Predator;Windows 10
HP;Envy;Windows 11
Lenovo;ThinkPad;Windows 10
Dell;XPS;Windows 11
Apple;MacBook Air;macOS
Asus;ROG Strix;Windows 10
Acer;Aspire;Windows 11
HP;Elite Dragonfly;Windows 10
Lenovo;Legion;Windows 11
Dell;G Series;Windows 10
Apple;MacBook Pro;macOS
Asus;VivoBook;Windows 11
Acer;Swift;Windows 10
HP;Spectre;Windows 11
Lenovo;IdeaPad;Windows 10
Dell;Inspiron;Windows 11
Apple;Mac Mini;macOS
Asus;TUF Gaming;Windows 10
Acer;Predator;Windows 11
HP;Envy;Windows 10
Lenovo;ThinkPad;Windows 11
Dell;XPS;Windows 10
Apple;MacBook Air;macOS
Asus;ROG Strix;Windows 11
Acer;Aspire;Windows 10
HP;Elite Dragonfly;Windows 11
Lenovo;Legion;Windows 10
Dell;G Series;Windows 11
Apple;MacBook Pro;macOS
Asus;VivoBook;Windows 10
Acer;Swift;Windows 11
HP;Spectre;Windows 10
Lenovo;IdeaPad;Windows 11
Dell;Inspiron;Windows 10
Apple;Mac Mini;macOS
Asus;TUF Gaming;Windows 11
Acer;Predator;Windows 10
HP;Envy;Windows 11
Lenovo;ThinkPad;Windows 10
Dell;XPS;Windows 11
Apple;MacBook Air;macOS
Asus;ROG Strix;Windows 10
Acer;Aspire;Windows 11
HP;Elite Dragonfly;Windows 10
Lenovo;Legion;Windows 11
Dell;G Series;Windows 10
Apple;MacBook Pro;macOS
Asus;VivoBook;Windows 11
Acer;Swift;Windows 10
HP;Spectre;Windows 11
Lenovo;IdeaPad;Windows 10
Dell;Inspiron;Windows 11
Apple;Mac Mini;macOS
Asus;TUF Gaming;Windows 10
Acer;Predator;Windows 11
HP;Envy;Windows 10
Lenovo;ThinkPad;Windows 11
Dell;XPS;Windows 10
Apple;MacBook Air;macOS
Asus;ROG Strix;Windows 11
Acer;Aspire;Windows 10
HP;Elite Dragonfly;Windows 11
Lenovo;Legion;Windows 10
Dell;G Series;Windows 11
Apple;MacBook Pro;macOS
Asus;VivoBook;Windows 10
Acer;Swift;Windows 11
HP;Spectre;Windows 10
Lenovo;IdeaPad;Windows 11
Dell;Inspiron;Windows 10
Apple;Mac Mini;macOS
Asus;TUF Gaming;Windows 11
Acer;Predator;Windows 10
HP;Envy;Windows 11
Lenovo;ThinkPad;Windows 10
Dell;XPS;Windows 11
Apple;MacBook Air;macOS
Asus;ROG Strix;Windows 10
Acer;Aspire;Windows 11
HP;Elite Dragonfly;Windows 10
Lenovo;Legion;Windows 11
Dell;G Series;Windows 10
Apple;MacBook Pro;macOS
Asus;VivoBook;Windows 11
Acer;Swift;Windows 10
HP;Spectre;Windows 11
Lenovo;IdeaPad;Windows 10
Dell;Inspiron;Windows 11
Apple;Mac Mini;macOS
Asus;TUF Gaming;Windows 10
Acer;Predator;Windows 11
HP;Envy;Windows 10
Lenovo;ThinkPad;Windows 11
Dell;XPS;Windows 10
Apple;MacBook Air;macOS
Asus;ROG Strix;Windows 11
Acer;Aspire;Windows 10
HP;Elite Dragonfly;Windows 11
Lenovo;Legion;Windows 10
Dell;G Series;Windows 11
Apple;MacBook Pro;macOS
Asus;VivoBook;Windows 10
Acer;Swift;Windows 11
HP;Spectre;Windows 10
Lenovo;IdeaPad;Windows 11
Dell;Inspiron;Windows 10
Apple;Mac Mini;macOS
Asus;TUF Gaming;Windows 11
Acer;Predator;Windows 10
HP;Envy;Windows 11
Lenovo;ThinkPad;Windows 10
Dell;XPS;Windows 11
Apple;MacBook Air;macOS
Asus;ROG Strix;Windows 10
Acer;Aspire;Windows 11
HP;Elite Dragonfly;Windows 10
Lenovo;Legion;Windows 11
Dell;G Series;Windows 10
Apple;MacBook Pro;macOS
Asus;VivoBook;Windows 11
Acer;Swift;Windows 10
HP;Spectre;Windows 11
Lenovo;IdeaPad;Windows 10
Dell;Inspiron;Windows 11
Apple;Mac Mini;macOS
Asus;TUF Gaming;Windows 10
Acer;Predator;Windows 11
HP;Envy;Windows 10
Lenovo;ThinkPad;Windows 11
Dell;XPS;Windows 10
Apple;MacBook Air;macOS
Asus;ROG Strix;Windows 11
Acer;Aspire;Windows 10
HP;Elite Dragonfly;Windows 11
Lenovo;Legion;Windows 10
Dell;G Series;Windows 11
Apple;MacBook Pro;macOS
Asus;VivoBook;Windows 10
Acer;Swift;Windows 11
HP;Spectre;Windows 10
Lenovo;IdeaPad;Windows 11
Dell;Inspiron;Windows 10
Apple;Mac Mini;macOS
Asus;TUF Gaming;Windows 11
Acer;Predator;Windows 10
HP;Envy;Windows 11
Lenovo;ThinkPad;Windows 10
Dell;XPS;Windows 11
Apple;MacBook Air;macOS
Asus;ROG Strix;Windows 10
Acer;Aspire;Windows 11
HP;Elite Dragonfly;Windows 10
Lenovo;Legion;Windows 11
Dell;G Series;Windows 10
Apple;MacBook Pro;macOS
Asus;VivoBook;Windows 11
Acer;Swift;Windows 10
HP;Spectre;Windows 11
Lenovo;IdeaPad;Windows 10
Dell;Inspiron;Windows 11
Apple;Mac Mini;macOS
Asus;TUF Gaming;Windows 10
Acer;Predator;Windows 11
HP;Envy;Windows 10
Lenovo;ThinkPad;Windows 11
Dell;XPS;Windows 10
Apple;MacBook Air;macOS
Asus;ROG Strix;Windows 11
Acer;Aspire;Windows 10
HP;Elite Dragonfly;Windows 11
Lenovo;Legion;Windows 10
Dell;G Series;Windows 11
Apple;MacBook Pro;macOS
Asus;VivoBook;Windows 10
Acer;Swift;Windows 11
HP;Spectre;Windows 10
Lenovo;IdeaPad;Windows 11
Dell;Inspiron;Windows 10
Apple;Mac Mini;macOS
Asus;TUF Gaming;Windows 11
Acer;Predator;Windows 10
HP;Envy;Windows 11
Lenovo;ThinkPad;Windows 10
Dell;XPS;Windows 11
Apple;MacBook Air;macOS
Asus;ROG Strix;Windows 10
Acer;Aspire;Windows 11
HP;Elite Dragonfly;Windows 10
Lenovo;Legion;Windows 11
Dell;G Series;Windows 10
Apple;MacBook Pro;macOS
Asus;VivoBook;Windows 11
Acer;Swift;Windows 10
HP;Spectre;Windows 11
Lenovo;IdeaPad;Windows 10
Dell;Inspiron;Windows 11
Apple;Mac Mini;macOS
Asus;TUF Gaming;Windows 10
Acer;Predator;Windows 11
HP;Envy;Windows 10
Lenovo;ThinkPad;Windows 11
Dell;XPS;Windows 10
Apple;MacBook Air;macOS
Asus;ROG Strix;Windows 11
Acer;Aspire;Windows 10
HP;Elite Dragonfly;Windows 11
Lenovo;Legion;Windows 10
Dell;G Series;Windows 11
Apple;MacBook Pro;macOS
Asus;VivoBook;Windows 10
Acer;Swift;Windows 11
HP;Spectre;Windows 10
Lenovo;IdeaPad;Windows 11
Dell;Inspiron;Windows 10
Apple;Mac Mini;macOS
Asus;TUF Gaming;Windows 11
Acer;Predator;Windows 10
HP;Envy;Windows 11
Lenovo;ThinkPad;Windows 10
Dell;XPS;Windows 11
Apple;MacBook Air;macOS
Asus;ROG Strix;Windows 10
Acer;Aspire;Windows 11
HP;Elite Dragonfly;Windows 10
Lenovo;Legion;Windows 11
Dell;G Series;Windows 10
Apple;MacBook Pro;macOS
Asus;VivoBook;Windows 11
Acer;Swift;Windows 10
HP;Spectre;Windows 11
Lenovo;IdeaPad;Windows 10
Dell;Inspiron;Windows 11
Apple;Mac Mini;macOS
Asus;TUF Gaming;Windows 10
Acer;Predator;Windows 11
HP;Envy;Windows 10
Lenovo;ThinkPad;Windows 11
Dell;XPS;Windows 10
Apple;MacBook Air;macOS
Asus;ROG Strix;Windows 11
Acer;Aspire;Windows 10
HP;Elite Dragonfly;Windows 11
Lenovo;Legion;Windows 10
Dell;G Series;Windows 11
Apple;MacBook Pro;macOS
Asus;VivoBook;Windows 10
Acer;Swift;Windows 11
HP;Spectre;Windows 10
Lenovo;IdeaPad;Windows 11
Dell;Inspiron;Windows 10
Apple;Mac Mini;macOS
Asus;TUF Gaming;Windows 11
Acer;Predator;Windows 10
HP;Envy;Windows 11
Lenovo;ThinkPad;Windows 10
